Auto-update on Tue May 20 02:40:29 UTC 2025
Auto-update on Tue May 20 02:42:32 UTC 2025
Auto-update on Wed May 21 03:30:31 UTC 2025
Auto-update on Thu May 22 03:30:43 UTC 2025
Auto-update on Fri May 23 03:30:31 UTC 2025
Auto-update on Sat May 24 03:15:47 UTC 2025
Auto-update on Sun May 25 03:37:13 UTC 2025
Auto-update on Mon May 26 03:34:58 UTC 2025
Auto-update on Tue May 27 03:30:40 UTC 2025
Auto-update on Wed May 28 03:32:08 UTC 2025
Auto-update on Thu May 29 03:33:28 UTC 2025
Auto-update on Fri May 30 03:31:43 UTC 2025
Auto-update on Sat May 31 03:29:10 UTC 2025
Auto-update on Sun Jun  1 03:51:41 UTC 2025
Auto-update on Mon Jun  2 03:41:29 UTC 2025
Auto-update on Tue Jun  3 03:35:17 UTC 2025
Auto-update on Wed Jun  4 03:36:12 UTC 2025
Auto-update on Thu Jun  5 03:36:26 UTC 2025
Auto-update on Fri Jun  6 03:35:50 UTC 2025
Auto-update on Sat Jun  7 03:32:31 UTC 2025
Auto-update on Sun Jun  8 03:41:43 UTC 2025
Auto-update on Mon Jun  9 03:41:34 UTC 2025
Auto-update on Tue Jun 10 03:37:33 UTC 2025
Auto-update on Wed Jun 11 03:37:22 UTC 2025
Auto-update on Thu Jun 12 03:36:19 UTC 2025
Auto-update on Fri Jun 13 03:37:06 UTC 2025
Auto-update on Sat Jun 14 03:31:35 UTC 2025
Auto-update on Sun Jun 15 03:41:39 UTC 2025
Auto-update on Mon Jun 16 03:42:22 UTC 2025
Auto-update on Tue Jun 17 03:37:16 UTC 2025
Auto-update on Wed Jun 18 03:36:41 UTC 2025
Auto-update on Thu Jun 19 03:37:09 UTC 2025
Auto-update on Fri Jun 20 01:09:16 UTC 2025
Auto-update on Sat Jun 21 01:08:17 UTC 2025
Auto-update on Sun Jun 22 01:16:09 UTC 2025
Auto-update on Mon Jun 23 01:13:50 UTC 2025
Auto-update on Tue Jun 24 01:10:06 UTC 2025
Auto-update on Wed Jun 25 01:10:29 UTC 2025
Auto-update on Thu Jun 26 01:09:43 UTC 2025
Auto-update on Fri Jun 27 01:10:27 UTC 2025
Auto-update on Sat Jun 28 01:07:44 UTC 2025
Auto-update on Sun Jun 29 01:17:42 UTC 2025
Auto-update on Mon Jun 30 01:14:24 UTC 2025
Auto-update on Tue Jul  1 01:17:50 UTC 2025
Auto-update on Wed Jul  2 01:10:19 UTC 2025
Auto-update on Thu Jul  3 01:10:09 UTC 2025
Auto-update on Fri Jul  4 01:09:48 UTC 2025
Auto-update on Sat Jul  5 01:07:08 UTC 2025
Auto-update on Sun Jul  6 01:16:32 UTC 2025
Auto-update on Mon Jul  7 01:14:31 UTC 2025
Auto-update on Tue Jul  8 01:10:45 UTC 2025
Auto-update on Wed Jul  9 01:11:33 UTC 2025
Auto-update on Thu Jul 10 01:11:30 UTC 2025
Auto-update on Fri Jul 11 01:12:14 UTC 2025
Auto-update on Sat Jul 12 01:13:47 UTC 2025
Auto-update on Sun Jul 13 01:18:50 UTC 2025
Auto-update on Mon Jul 14 01:15:39 UTC 2025
Auto-update on Tue Jul 15 01:15:33 UTC 2025
Auto-update on Wed Jul 16 01:13:31 UTC 2025
Auto-update on Thu Jul 17 01:14:01 UTC 2025
Auto-update on Fri Jul 18 01:13:25 UTC 2025
Auto-update on Sat Jul 19 01:11:27 UTC 2025
Auto-update on Sun Jul 20 01:20:29 UTC 2025
Auto-update on Mon Jul 21 01:17:54 UTC 2025
Auto-update on Tue Jul 22 01:13:56 UTC 2025
Auto-update on Wed Jul 23 01:15:01 UTC 2025
Auto-update on Thu Jul 24 01:14:08 UTC 2025
Auto-update on Fri Jul 25 01:13:50 UTC 2025
Auto-update on Sat Jul 26 01:12:26 UTC 2025
Auto-update on Sun Jul 27 01:20:50 UTC 2025
Auto-update on Mon Jul 28 01:19:22 UTC 2025
Auto-update on Tue Jul 29 01:22:34 UTC 2025
Auto-update on Wed Jul 30 01:15:45 UTC 2025
Auto-update on Thu Jul 31 01:15:21 UTC 2025
Auto-update on Fri Aug  1 01:22:58 UTC 2025
Auto-update on Sat Aug  2 01:12:12 UTC 2025
Auto-update on Sun Aug  3 01:22:01 UTC 2025
Auto-update on Mon Aug  4 01:20:50 UTC 2025
Auto-update on Tue Aug  5 01:17:27 UTC 2025
Auto-update on Wed Aug  6 01:15:49 UTC 2025
Auto-update on Thu Aug  7 01:16:24 UTC 2025
Auto-update on Fri Aug  8 01:16:05 UTC 2025
Auto-update on Sat Aug  9 01:09:55 UTC 2025
Auto-update on Sun Aug 10 01:19:38 UTC 2025
Auto-update on Mon Aug 11 01:16:35 UTC 2025
Auto-update on Tue Aug 12 01:09:00 UTC 2025
Auto-update on Wed Aug 13 01:10:31 UTC 2025
Auto-update on Thu Aug 14 01:10:52 UTC 2025
Auto-update on Fri Aug 15 01:11:03 UTC 2025
Auto-update on Sat Aug 16 01:07:38 UTC 2025
Auto-update on Sun Aug 17 01:15:51 UTC 2025
Auto-update on Mon Aug 18 01:15:03 UTC 2025
Auto-update on Tue Aug 19 01:07:49 UTC 2025
Auto-update on Wed Aug 20 01:05:40 UTC 2025
Auto-update on Thu Aug 21 01:04:33 UTC 2025
Auto-update on Fri Aug 22 01:05:35 UTC 2025
Auto-update on Sat Aug 23 01:03:18 UTC 2025
Auto-update on Sun Aug 24 01:13:02 UTC 2025
Auto-update on Mon Aug 25 01:08:33 UTC 2025
Auto-update on Tue Aug 26 01:06:37 UTC 2025
Auto-update on Wed Aug 27 01:04:27 UTC 2025
Auto-update on Thu Aug 28 01:03:45 UTC 2025
Auto-update on Fri Aug 29 01:03:40 UTC 2025
Auto-update on Sat Aug 30 01:00:29 UTC 2025
Auto-update on Sun Aug 31 01:08:21 UTC 2025
Auto-update on Mon Sep  1 01:14:46 UTC 2025
Auto-update on Tue Sep  2 01:04:45 UTC 2025
Auto-update on Wed Sep  3 01:00:42 UTC 2025
Auto-update on Thu Sep  4 01:00:32 UTC 2025
Auto-update on Fri Sep  5 01:02:20 UTC 2025
Auto-update on Sat Sep  6 01:00:53 UTC 2025
Auto-update on Sun Sep  7 01:06:59 UTC 2025
Auto-update on Mon Sep  8 01:05:53 UTC 2025
Auto-update on Tue Sep  9 01:03:23 UTC 2025
Auto-update on Wed Sep 10 01:01:45 UTC 2025
Auto-update on Thu Sep 11 01:03:03 UTC 2025
Auto-update on Fri Sep 12 01:00:45 UTC 2025
Auto-update on Sat Sep 13 00:58:16 UTC 2025
Auto-update on Sun Sep 14 01:06:34 UTC 2025
Auto-update on Mon Sep 15 01:06:50 UTC 2025
Auto-update on Tue Sep 16 01:01:32 UTC 2025
Auto-update on Wed Sep 17 01:01:13 UTC 2025
Auto-update on Thu Sep 18 01:01:12 UTC 2025
Auto-update on Fri Sep 19 01:03:46 UTC 2025
Auto-update on Sat Sep 20 01:00:22 UTC 2025
Auto-update on Sun Sep 21 01:08:25 UTC 2025
Auto-update on Mon Sep 22 01:07:26 UTC 2025
Auto-update on Tue Sep 23 01:01:35 UTC 2025
Auto-update on Wed Sep 24 01:02:23 UTC 2025
Auto-update on Thu Sep 25 01:02:52 UTC 2025
Auto-update on Fri Sep 26 01:02:39 UTC 2025
Auto-update on Sat Sep 27 01:00:03 UTC 2025
Auto-update on Sun Sep 28 01:09:25 UTC 2025
Auto-update on Mon Sep 29 01:04:27 UTC 2025
Auto-update on Tue Sep 30 01:03:42 UTC 2025
Auto-update on Wed Oct  1 01:10:21 UTC 2025
Auto-update on Thu Oct  2 01:01:30 UTC 2025
Auto-update on Fri Oct  3 01:01:24 UTC 2025
Auto-update on Sat Oct  4 00:58:58 UTC 2025
Auto-update on Sun Oct  5 01:08:36 UTC 2025
Auto-update on Mon Oct  6 01:03:28 UTC 2025
Auto-update on Tue Oct  7 01:02:21 UTC 2025
Auto-update on Wed Oct  8 01:02:09 UTC 2025
Auto-update on Thu Oct  9 01:02:48 UTC 2025
Auto-update on Fri Oct 10 01:02:31 UTC 2025
Auto-update on Sat Oct 11 01:00:04 UTC 2025
Auto-update on Sun Oct 12 01:05:48 UTC 2025
Auto-update on Mon Oct 13 01:07:09 UTC 2025
Auto-update on Tue Oct 14 01:02:47 UTC 2025
Auto-update on Wed Oct 15 01:04:37 UTC 2025
Auto-update on Thu Oct 16 01:03:52 UTC 2025
Auto-update on Fri Oct 17 01:03:37 UTC 2025
Auto-update on Sat Oct 18 01:01:05 UTC 2025
Auto-update on Sun Oct 19 01:11:38 UTC 2025
Auto-update on Mon Oct 20 01:09:00 UTC 2025
Auto-update on Tue Oct 21 01:05:53 UTC 2025
Auto-update on Wed Oct 22 01:06:38 UTC 2025
Auto-update on Thu Oct 23 01:05:14 UTC 2025
Auto-update on Fri Oct 24 01:01:30 UTC 2025
Auto-update on Sat Oct 25 01:02:44 UTC 2025
Auto-update on Sun Oct 26 01:09:52 UTC 2025
Auto-update on Mon Oct 27 01:11:12 UTC 2025
Auto-update on Tue Oct 28 01:04:00 UTC 2025
Auto-update on Wed Oct 29 01:08:44 UTC 2025
Auto-update on Thu Oct 30 01:08:29 UTC 2025
Auto-update on Fri Oct 31 01:06:06 UTC 2025
Auto-update on Sat Nov  1 01:09:49 UTC 2025
Auto-update on Sun Nov  2 01:10:54 UTC 2025
Auto-update on Mon Nov  3 01:09:38 UTC 2025
Auto-update on Tue Nov  4 01:06:32 UTC 2025
Auto-update on Wed Nov  5 01:08:24 UTC 2025
Auto-update on Thu Nov  6 01:07:28 UTC 2025
Auto-update on Fri Nov  7 01:06:33 UTC 2025
Auto-update on Sat Nov  8 01:03:42 UTC 2025
Auto-update on Sun Nov  9 01:10:21 UTC 2025
